feature1,feature2,feature3,feature4,feature5,feature6,feature7,feature8,feature9,feature10,feature11,feature12,feature13,feature14,feature15,feature16,label_model_xgb,prob_xgb,label_model_light_gbm,prob_light_gbm
Occupational psychologist,grocery_pos,249.19,41632,37.32537979511989,-86.28798905024595,614,37.381579,-82.664445,23.278037790547906,22,6,5,1.0839616174498063,1.549080701544026,66.3415234001406,1,0.796362578868866,0,0.6468016288539805
Tour manager,grocery_pos,10.19,30291,34.05168343670834,-83.37753628580883,21010,32.653165,-84.340567,19.3454245478805,3,2,5,1.1784254718915164,0.5466140462544586,58.29793877850381,1,0.9085074067115784,0,0.6469195766093231
,shopping_pos,230.92,5680,43.37464039782411,-74.99758301391394,2168,45.294887,-72.658939,22.25529961098772,22,2,6,1.212992325371733,1.489291588014653,62.56771978881687,0,0.9816936254501344,1,0.5700444497652439
Health and safety adviser,shopping_net,115.19,60517,44.08238938649885,-87.61844118835876,32038,42.503121,-87.741273,22.02096348017157,14,2,5,1.0475284921950294,1.710312401987955,72.51523484027976,1,0.8179241418838501,0,0.5032458149668145
Health and safety adviser,gas_transport,52.29,60517,40.16810890126079,-90.18510884116816,32038,42.0807,-88.941445,21.397151612476232,0,6,4,0.8068002921045413,1.5016023059534682,84.1853148426719,1,0.7045649290084839,0,0.6882271718978532
Glass blower/designer,grocery_net,27.25,62702,39.384930433801095,-88.11637830341648,141894,40.518316,-88.686521,22.91577716152929,6,5,4,1.1453381816298571,1.5221878289163533,86.04214159130144,0,0.9008658528327942,1,0.5301969839736306
Health and safety adviser,entertainment,40.32,60517,42.45452518143086,-89.31062400314248,32038,42.403044,-87.54704,21.948038761805783,21,4,7,0.9059630694369712,1.401685552405573,76.33567784008403,1,0.6536344289779663,0,0.5122703116088306
,gas_transport,49.96,30263,30.48432437756189,-85.54978122758745,84721,32.948849,-85.219663,24.19157970464305,2,5,4,1.4140227750141356,1.6473520484465347,73.25341381075236,0,0.6799612641334534,1,0.6160441029309316
Chief Executive Officer,,6.65,60619,42.86178274849734,-87.6921136831085,2680484,42.020214,-86.924659,24.040015093968403,23,5,8,1.0975672367983111,1.240418793683556,79.28828000698658,0,0.7063733339309692,1,0.6181269401899968
"Engineer, energy",shopping_pos,9.05,11432,42.08230639716574,-73.53034094951721,224445,40.443663,-73.847046,19.26342066958775,22,3,6,1.006545950362023,1.7527132603563285,80.03329098011727,1,0.7506188750267029,0,0.6007651717071991
Barrister's clerk,shopping_net,9.47,5680,43.647269360963,-71.33580829725322,2168,44.215793,-72.527382,21.036244040258712,12,6,7,1.132758302294448,0.8039287695682197,55.3415635465147,0,0.9725814461708068,1,0.5831350897853861
"Engineer, energy",travel,8.85,11432,38.86405408200317,-70.89773581857922,224445,41.489636,-74.073534,18.4512918066146,20,6,8,0.829762678826779,1.593132495981125,73.67976205656969,1,0.7273657321929932,0,0.5272898734673286
Health and safety adviser,shopping_pos,18.1,60517,39.688718614209975,-90.6588913761548,32038,41.424451,-87.763391,21.354849689086468,16,4,6,0.7192137344838058,1.713843255255279,70.97597177570475,1,0.5611526966094971,0,0.6492481381202048
,grocery_pos,675.22,60510,40.50831930499447,-84.22911615002981,28897,42.24734,-87.69217,24.177229996380643,16,1,5,0.4957664115366043,1.3338936789338365,79.57121044481556,0,0.7978752255439758,1,0.6193398033868646
"Investment banker, corporate",food_dining,4.13,48307,38.999661962552864,-82.10693778036006,97195,43.553631,-83.965849,23.863370358042072,23,5,7,1.055001443538594,1.3466546038904286,85.10805559734771,0,0.5941332578659058,1,0.558110595900318
"Lecturer, further education",gas_transport,13.62,92606,32.28344631456923,-117.67495367360756,212569,33.837568,-118.191505,23.468762849993208,4,4,4,1.2039486434781186,0.6410747946100508,53.019543395741735,1,0.7739382386207581,0,0.6954051467487544
"Engineer, energy",health_fitness,207.76,11432,39.858038825611786,-76.14872589248337,224445,41.051816,-74.139136,19.315939703115497,19,1,7,0.8901750857368609,1.694435042592792,85.6029967159519,1,0.5293487310409546,0,0.5793879364173682
Clinical research associate,home,253.51,61858,41.46192857810664,-87.20959913197811,3124,40.12951,-87.220347,19.209865331435136,23,6,4,1.2670353387971585,0.370751399313291,61.641055122132514,0,0.9419223070144652,1,0.7332973028133382
Health and safety adviser,grocery_pos,46.42,60517,43.16803187941122,-87.61210964545072,32038,42.542755,-87.740106,21.79917867235197,1,4,5,0.9072003392548452,1.231147538855263,79.24828457363623,1,0.721363365650177,0,0.5365245667904965
Financial planner,personal_care,110.75,48307,40.91444351739019,-79.05217214534869,97195,43.541771,-83.339365,20.55380739711051,15,6,8,0.9501809842710534,1.5122773709843362,80.89438983883258,0,0.5610436201095581,1,0.633513617673403
"Accountant, chartered management",entertainment,660.31,43017,41.58346491878393,-81.45378979385823,68932,40.50689,-83.527647,24.15688135664721,15,4,7,1.2836015010731754,1.4808746458763946,76.07856806897665,0,0.9673473834991456,1,0.5452475136918649
Glass blower/designer,grocery_pos,6.58,62702,37.76011862924612,-89.73130964814352,141894,38.904897,-89.885727,23.861477574799668,14,6,5,1.1962320184051007,1.7861212968452724,60.82784422937669,0,0.7490352392196655,1,0.5701945055355979
Glass blower/designer,gas_transport,66.67,62702,40.95409898271887,-83.743730967605,141894,40.138119,-90.211856,21.92651416680711,11,4,4,1.0123575635013804,1.4609188478435322,82.55331048787872,0,0.7365813851356506,1,0.5535967167654263
Office manager,grocery_net,75.41,33774,27.17933259837416,-84.1414542049239,121061,27.954315,-82.65603,25.11595806820292,11,5,4,1.3448783684986982,1.3432785516696395,63.81106268434484,0,0.5729355812072754,1,0.5603131007996891
Health and safety adviser,gas_transport,72.82,60517,42.08348011602747,-89.75843780541538,32038,42.60973,-87.292831,21.836555853468127,2,4,4,0.8222450820055025,1.1266915575656309,79.22860565038235,1,0.6860581040382385,0,0.6196378546168096
Chief Executive Officer,personal_care,1.18,60619,39.9899050316229,-88.56802394003242,2680484,42.62161,-88.483065,24.37057597245373,22,1,8,0.8161533779802841,1.493274575870363,68.93695826039297,0,0.6168349981307983,1,0.5806920395791757
Health and safety adviser,shopping_net,16.31,60517,41.23358292683954,-87.64649208422314,32038,42.117665,-88.921041,21.91900704139061,15,3,6,1.024928705346842,1.5799663273063054,77.48640739858175,1,0.7529727816581726,0,0.5155641702943157
General practice doctor,health_fitness,1.85,6424,42.45763125115087,-67.91625988841608,12808,40.609247,-73.131667,24.50280375658888,22,4,7,1.1340253176877069,1.6707324588902068,75.16089283806204,0,0.5289218425750732,1,0.6140222034469032
Glass blower/designer,gas_transport,64.46,62702,40.84642689741827,-90.06359316256645,141894,40.781329,-89.525787,22.893009232937302,3,4,4,0.8540468834564648,1.6728908517372791,82.4930138110746,0,0.5818898677825928,1,0.5409151312600889
Furniture conservator/restorer,grocery_pos,10.04,1720,38.75786010735267,-74.76276089950088,21361,41.541599,-71.575001,24.863341276781743,1,3,5,0.8148788915144964,0.2674141644056164,57.909048124053925,0,0.8893384337425232,1,0.5098065399576266
Health and safety adviser,travel,2.24,60517,45.54669373678633,-88.61341303827186,32038,41.723432,-88.885262,21.88619825019305,16,4,9,0.8967108936876341,1.6506615909657727,74.85088301104635,1,0.618403434753418,0,0.6389410940133158
Licensed conveyancer,shopping_pos,8.41,60142,41.75018458880704,-88.6723293756635,26447,42.238147,-89.222531,24.466953117214448,15,4,6,0.942246295568104,1.2407988362167413,57.943969101992224,0,0.7495549917221069,1,0.6135462872227897
Health and safety adviser,shopping_net,24.53,60517,39.591661985276566,-89.95117222987274,32038,42.208407,-87.434804,21.883914509460823,17,5,6,0.8980892456453456,1.6277723495663814,81.20831668168134,1,0.6623246669769287,0,0.5273938735478692
Glass blower/designer,gas_transport,33.8,62702,36.46883156991483,-92.48669717972987,141894,40.507488,-89.169827,23.42529716728156,9,1,4,0.9257548318179164,1.5780878677967056,81.40707187816909,0,0.6630439162254333,1,0.5863285030008915
Chief Executive Officer,kids_pets,3.96,60619,41.54133842857808,-83.46433661972584,2680484,41.824212,-87.534716,24.30632846074834,21,6,8,0.8898146308922174,1.9876982304596624,75.1452451892996,0,0.8469333648681641,1,0.6305441012600846
"Engineer, energy",home,4.39,11432,34.134386811370845,-74.12903113692549,224445,41.415416,-74.206254,18.86241715840551,14,4,8,1.1425380579967577,1.4628854458437046,77.82728795585896,1,0.5917785167694092,0,0.5913480046063644
Health and safety adviser,shopping_pos,64.73,60517,43.233171447117954,-85.74307157789852,32038,41.624108,-88.631248,21.657622113133417,22,3,6,1.0387438082663103,1.0776938939495275,79.95775239795752,1,0.7182400822639465,0,0.7033156699401437
"Engineer, energy",misc_net,244.98,33566,26.928695770908,-79.8719394483422,74490,28.198853,-82.045755,21.23590800368933,15,1,5,1.0273671005169032,1.362907657922101,69.53601241917251,1,0.9255476593971252,0,0.5230124497257191
Office manager,kids_pets,2.68,33774,24.48533849324919,-83.56268600162363,121061,27.513337,-83.135648,24.7528619856441,23,1,8,0.6919463534738631,1.632823879090524,74.86679409925242,0,0.5600020885467529,1,0.5275836202612886
Chief Executive Officer,food_dining,8.7,60619,43.03387594057349,-89.82494135040336,2680484,40.750182,-87.634691,24.51263119838891,17,6,7,1.0844809215497926,1.8531763120551792,72.28203001112463,0,0.7442350387573242,1,0.5111058823125219
Publishing rights manager,travel,1.64,75028,34.39582418045925,-97.28786602976648,64771,32.612342,-96.460385,19.42165799943236,18,3,8,0.8486300189498742,1.485088580361396,63.84270860852528,1,0.5003200173377991,0,0.6868529263873773
Herpetologist,personal_care,2.12,89103,38.37785045126313,-113.45712483369256,1417793,36.284299,-114.914715,19.54030868208497,18,3,8,1.0607569158231351,0.9958312809330142,77.65156589457871,0,0.6969928741455078,1,0.5337019539525439
IT trainer,grocery_net,29.29,78681,33.30609557158051,-99.64553541762376,103538,30.536807,-98.63909,19.55944596347578,3,1,4,0.6870418632390023,1.6917746528323214,64.29994779159298,1,0.562416136264801,0,0.7220948099058354
Toxicologist,misc_pos,328.38,97124,43.8620760662113,-122.03297104365063,92886,44.929204,-123.104699,20.2300049229196,17,1,5,0.9222037940961832,1.5810066717788405,71.48015866593794,0,0.9201910495758056,1,0.5245252975555551
"Librarian, public",misc_net,366.02,95635,37.6680802705163,-122.08486658862918,1262,39.113775,-121.140144,16.42324321078951,18,6,5,1.3101030436400505,1.5295680889656258,69.74789259915957,0,0.8588664531707764,1,0.6008884427067424
Clinical biochemist,shopping_pos,260.51,77327,27.44548133440512,-97.97167988508926,34153,29.981115,-95.097187,21.8244150546377,19,3,6,1.3430757528212336,1.1536325698826229,66.81660716962647,1,0.82323157787323,0,0.5209970242108062
Health and safety adviser,misc_pos,41.25,60517,44.72662378225996,-91.83290040456887,32038,42.02634,-87.828292,21.967129813755097,22,1,5,1.2541106333287952,1.456952285400826,69.88751378077778,1,0.7052414417266846,0,0.5466486283691785
Office manager,home,48.32,33774,25.030579911487344,-81.62782254646586,121061,27.769883,-83.468611,25.580488690965552,23,0,7,0.989968592411155,1.3613067923846327,75.22920394046749,0,0.7728438973426819,1,0.527415627323065
Horticultural therapist,gas_transport,69.25,92626,35.89917469021187,-117.98406893784744,110851,34.50803,-116.968155,24.987503945599844,7,5,4,0.992996398636233,1.8564089982472465,76.69578495852227,0,0.6493414640426636,1,0.538858151581113
"Engineer, energy",entertainment,10.04,11432,45.47089520084279,-74.2602523289419,224445,41.366758,-73.88608,18.01845146727271,18,4,7,1.1667460880380278,1.2771695454961405,71.38000829999298,1,0.809188723564148,0,0.5130593883808543
"Engineer, energy",health_fitness,163.21,11432,37.550067725409065,-75.1977639075086,224445,41.343652,-73.967326,18.64311093013057,15,3,7,1.0537779681145247,1.72572912398997,72.99125459684687,1,0.6824632883071899,0,0.5140764308166175
Immunologist,kids_pets,84.93,91331,36.04822495739625,-117.7318519512534,103689,34.66101,-118.942528,22.44455474799721,22,6,8,1.1736926795459088,1.404177597676232,79.51106403916535,0,0.5302925109863281,1,0.509826988024738
Chief Executive Officer,food_dining,8.79,60619,42.0832213103942,-88.10947119212676,2680484,41.769592,-87.162022,24.05161915988417,19,3,7,0.8794571165595527,1.5548032908441214,75.42012743989838,0,0.612477719783783,1,0.6843295668240887
Marketing executive,shopping_net,250.84,6351,39.96462798030145,-72.79532090171516,16301,42.521522,-71.836186,19.20057807799556,22,2,8,0.3999358179853793,0.0976140708024256,60.284344601129725,0,0.9527628421783448,1,0.7708533863633523
Health and safety adviser,gas_transport,80.81,60517,39.76902167658598,-90.74718352360428,32038,41.621633,-87.31654,22.66584209785333,6,4,4,0.8036041921782449,1.1743648955211512,64.26709182040611,0,0.5778712034225464,1,0.507873284799401
Recycling officer,food_dining,313.12,97701,43.39735368494823,-119.54793433119578,105390,45.082175,-121.773268,24.02844735776447,13,4,7,0.6979698964953855,1.643346460736118,70.25421824291693,0,0.923702597618103,1,0.5939661055081836
"Engineer, energy",food_dining,17.05,11432,39.68004081688811,-76.28402610691586,224445,40.08338,-72.840844,18.209023458282864,18,4,7,1.240373451573319,1.435906964925688,72.30816946667892,1,0.521232545375824,0,0.522178151178252
"Engineer, energy",kids_pets,46.18,11432,44.28171278265779,-73.62424435572193,224445,40.342165,-73.257725,18.821296370194453,16,0,8,1.1682189108254646,1.070752011977106,73.20160965794956,0,0.8599085211753845,1,0.508875068466418
Chief Executive Officer,health_fitness,2.69,60619,42.80322201724954,-88.24042262041779,2680484,42.367519,-88.019131,23.644139673889377,19,3,7,0.8108413265516489,1.737775903014254,84.45832477212637,0,0.7305115461349487,1,0.6446500623209698
"Research officer, trade union",gas_transport,8.8,1151,43.82197670185153,-71.18876929699528,8698,41.28935,-73.260698,22.330122866395413,2,2,4,0.7424940772970747,0.6545266675835706,64.00859018932167,1,0.642345130443573,0,0.5065592094424828
Health and safety adviser,entertainment,6.26,60517,42.81184070366795,-87.49951313211402,32038,41.599784,-87.205001,21.12636886627544,13,3,7,1.0719701653172666,1.7634899256897136,72.38175960615598,1,0.6452388167381287,0,0.610868895378631
Financial planner,shopping_pos,9.9,48307,44.73325869497768,-80.3055218414965,97195,43.622566,-82.98014,21.24846633861548,19,6,6,0.9688732355565118,1.3637295250513155,76.24284306401299,0,0.6489464044570923,1,0.5245658871253285
Forest/woodland manager,food_dining,1238.13,29482,33.783799194674195,-79.55463505704171,1791,32.13111,-80.280857,17.564260076293145,22,5,7,1.009334961151509,0.7431362747823771,58.71384670845922,0,0.7543798089027405,1,0.6131494269836569
Mental health nurse,gas_transport,25.16,93292,31.56097292128142,-118.84040690605757,142488,36.298263,-119.897472,22.32386361635544,2,6,4,0.8947202020357466,1.3267797321938295,76.7459867870223,0,0.7227205634117126,1,0.6218696674778608
Psychiatric nurse,entertainment,335.34,80911,38.556888182846,-104.6455355599713,525713,37.893753,-103.884111,14.13521695205652,22,2,7,0.798621085462033,1.4738119007268775,68.74272187146013,1,0.667192280292511,0,0.5104301205592403
"Engineer, energy",misc_net,26.22,11432,42.930681239586136,-75.04096466237688,224445,41.136338,-74.689007,18.21779821846896,21,4,5,1.0372370849681167,1.8816364745348668,73.06303307571169,1,0.6879459619522095,0,0.7097705749836172
Office manager,shopping_pos,104.7,33774,25.572989207885403,-84.38871463374336,121061,27.083424,-82.297258,25.087604569113893,21,5,6,1.0349915647541947,1.7859084478615248,64.03736894912015,0,0.7398595809936523,1,0.5080903802227984
Immunologist,food_dining,144.28,91331,33.94260567425336,-116.52948788596149,103689,33.50538,-118.1062,22.297955020589708,22,6,7,1.3351014878456329,1.9121156943532287,79.20062807698908,1,0.6035771369934082,0,0.6192172400036637
Warehouse manager,health_fitness,414.82,43110,42.57430976012334,-80.8272711123818,33847,39.94312,-83.555024,19.057399535422768,12,5,7,1.041182501742187,1.2955757518195483,72.01227338635942,1,0.7026484608650208,0,0.539538462413047
Health and safety adviser,shopping_pos,47.83,60517,40.428148425364846,-87.08270991286763,32038,42.061521,-87.193525,21.630952112770373,22,5,6,0.8429694224888982,1.4491964945844786,73.44031023921022,1,0.6016010046005249,0,0.7425126671028166
"Engineer, agricultural",shopping_pos,645.52,16428,41.498504913143385,-77.02195914802535,12478,43.00738,-78.916938,21.05340126749895,18,4,6,0.9345167361973534,1.2659130981341675,70.80212213807528,0,0.598056972026825,1,0.5509466548071668
Geographical information systems officer,health_fitness,295.12,15613,40.10582940202364,-79.13265300493148,13933,40.741422,-78.71129,14.9063246303459,15,4,7,0.9201212801661944,1.3867495421674731,68.85566937090138,0,0.5946791172027588,1,0.7054727046158441
Architectural technologist,kids_pets,290.08,36608,30.40827136034405,-88.82426956752727,270712,31.136518,-88.564065,19.342407748368387,15,5,8,1.0956670102922768,1.6483140139651262,70.15494012726755,0,0.5808834433555603,1,0.762999816387402
Multimedia specialist,shopping_pos,3.83,95409,37.86731769724808,-120.5858256319847,209844,37.710368,-123.163913,21.809083696392687,22,3,6,1.040875923603347,1.6479346838387936,62.307078389219214,1,0.8683846592903137,0,0.6229244771050888
Chief Executive Officer,entertainment,83.99,60619,41.74051615940416,-90.93895264137154,2680484,42.139645,-88.136289,23.133583233495106,20,4,6,1.1230099098866757,1.4832025501903312,76.18828535426879,0,0.5779865384101868,1,0.6840132189153111
Chief Executive Officer,misc_net,7.2,60619,41.68477495946304,-87.63279325835562,2680484,41.787651,-87.136633,23.71769906995583,19,1,5,1.0397234954192744,1.2248734492444038,71.89373156280476,0,0.5503500699996948,1,0.735855879105209
"Surveyor, planning and development",grocery_net,13.06,35404,33.43248567948535,-87.36704700788297,112654,33.282179,-88.347806,24.68381607445278,5,0,6,0.8519530109884461,0.5850657022152747,55.69537254144488,1,0.5666439533233643,0,0.6187135752984674
Insurance claims handler,grocery_net,8.56,10314,38.4959247452192,-74.41431573340668,468730,41.584743,-73.193657,20.428750437608848,11,2,8,1.2433203429409545,0.8931128814892153,63.351567252878326,0,0.8835792541503906,1,0.7085189946308104
Health and safety adviser,shopping_pos,29.96,60517,39.23122727833277,-90.9083536346064,32038,42.365661,-87.816068,21.163120309623363,22,6,6,0.9766157929447092,1.2857924549820372,69.53114321991299,1,0.6914250254631042,0,0.74097067420107
Furniture conservator/restorer,kids_pets,9.34,1720,44.30466863040394,-71.2904025991128,21361,41.51126,-71.75391,23.87836979748278,14,0,8,1.075044621200614,1.8305293561248803,64.79121134541484,1,0.6401270031929016,0,0.5072224618548193
Mental health nurse,gas_transport,29.26,93292,38.74610918482257,-121.86075078628554,142488,35.68657,-119.3125,22.181314543475075,11,4,4,1.1230325560129153,1.4246294644033484,76.01396981310504,0,0.7118616104125977,1,0.595365060367155
Chief Executive Officer,kids_pets,21.4,60619,42.03633921703119,-83.67882210699632,2680484,41.213362,-87.481329,23.948719413372416,22,6,8,0.7821215918146451,1.3848913716104494,80.44622792997369,0,0.7715098261833191,1,0.6379819414365046
Publishing rights manager,kids_pets,5.35,75028,36.90493096624929,-92.64860105010376,64771,32.228603,-96.567629,20.21426391556723,20,5,8,1.1413868602848432,1.3133843867569768,61.55946707495058,1,0.7948684692382812,0,0.5812464664501826
Equality and diversity officer,grocery_pos,11.26,22802,41.059499608662136,-81.50100318997909,67593,38.156644,-77.946637,23.80873395168588,1,3,5,1.3264162561393151,1.448421538652662,67.85899251157606,1,0.6290664672851562,0,0.5201563660490285
Lobbyist,food_dining,8.79,77388,31.02491383551826,-98.77321120921644,316665,29.508963,-95.979401,21.903079425262973,22,2,7,1.0153081814053166,0.939204100981904,69.8780954401272,1,0.9303305149078368,0,0.5252809188124671
Glass blower/designer,gas_transport,71.48,62702,40.367972877312326,-89.99889855484106,141894,38.846198,-89.830561,22.5549190848784,10,5,4,0.8839475001812986,1.900371748856764,73.93653657272048,0,0.8182177543640137,1,0.513691975635614
Occupational psychologist,shopping_net,287.52,41632,36.58832584418245,-82.10440324172151,614,37.981367,-83.866749,23.193767632349648,13,1,6,0.8435770483336341,1.6694549245564263,71.19635487217052,0,0.7632473707199097,1,0.5518939271698624
"Engineer, energy",grocery_net,94.64,11432,41.11571875033449,-73.99280352727844,224445,40.374718,-73.871553,18.467316347045337,9,3,4,0.8739956533845918,1.6354826874561184,83.81070445553824,1,0.7516624927520752,0,0.5136201211155703
"Engineer, civil (consulting)",shopping_pos,271.86,11742,41.263993244234456,-71.9087565718808,13261,39.978896,-73.028747,22.36361563508462,15,5,6,1.0006692619260789,1.5286390744736598,72.05188161704895,0,0.8127126097679138,1,0.6079512052145973
Chief Executive Officer,personal_care,1.76,60619,43.087712743974194,-88.37907538569605,2680484,41.246219,-86.988361,24.35587419264268,17,5,8,0.8399060967395423,1.4392283765200249,87.40023168280104,0,0.7111261487007141,1,0.6730899373830159
"Psychotherapist, dance movement",kids_pets,2.33,6053,38.81156863723837,-71.11520144438958,73240,41.534521,-72.262498,20.28242358793934,22,1,8,1.1650626109231943,0.989859109602985,69.7301515771101,1,0.667671263217926,0,0.5709112448783651
Building services engineer,grocery_pos,71.69,20886,42.956950123406095,-73.26897494123,33282,40.08516,-78.083284,17.42028978469453,0,0,5,1.0585891061858117,1.592158820679087,57.37186110494169,0,0.5328750610351562,1,0.5070041694411973
Architect,misc_net,8.63,19380,39.8909135404604,-77.38393795968722,105091,39.456539,-74.726083,22.3990761949352,1,6,5,0.8244536221229277,1.3165417349259187,64.46972269623303,0,0.7759426832199097,1,0.5941712604600733
"Engineer, communications",personal_care,4.34,29715,32.80804297057694,-81.87516049822145,67600,35.713828,-81.052395,25.429404661246323,16,5,8,1.0515147158030709,1.5491409074042712,63.38407877098626,1,0.8201770186424255,0,0.5877769149576328
Automotive engineer,gas_transport,6.58,34953,27.908570143322283,-78.79827668813331,181438,28.239891,-79.596368,22.741344598501723,10,0,4,1.3350913302140746,0.8201719873455832,52.42069251179183,0,0.7698938846588135,1,0.6507218851242789
"Engineer, land",shopping_net,58.3,11368,41.50823239450576,-75.14788032264268,109931,41.660214,-73.436356,23.06471562699392,21,1,5,1.2596861025117576,1.4438676232175367,74.92340588453054,1,0.7110265493392944,0,0.5122111872791943
"Scientist, biomedical",gas_transport,12.63,97303,42.85618629158449,-122.39554817547716,249657,44.969968,-123.48554,22.528946164630405,1,4,4,0.991405659109129,1.6220337808643903,63.11223002943488,0,0.920193612575531,1,0.5296803405050984
Production manager,misc_net,6.53,19601,42.608160948979865,-72.43140809311761,213013,40.1057,-76.282514,23.59972167430144,12,4,5,1.069270668471609,1.3279082327978506,57.81350813459595,0,0.8295760154724121,1,0.6417950169322941
Forensic psychologist,gas_transport,9.34,79423,34.515774111129474,-103.04272884601968,254282,33.809517,-102.220998,16.06902135775885,1,3,4,1.1471964416895233,0.7201129101959174,63.4950002713155,0,0.5540647506713867,1,0.6544019949703083
Comptroller,gas_transport,38.52,60625,44.14132873937769,-89.29834894359352,2680484,40.978983,-88.045709,24.818660221471788,8,6,4,1.370462618552342,1.477326493463463,77.71643217788223,0,0.5127081871032715,1,0.6833678866236411
"Engineer, communications",shopping_pos,8.58,29715,33.06055327471063,-80.14956884673929,67600,35.954055,-81.421566,25.889663464138856,18,6,6,1.2283399321412325,1.011368276140106,83.56558808569248,0,0.5715740919113159,1,0.5768701887036933
"Engineer, energy",entertainment,69.22,11432,45.94168924024076,-75.68062301757745,224445,40.019149,-72.967055,18.961423507544087,20,6,6,1.235633430878856,1.6864955391344152,70.56571238568227,0,0.5405063033103943,1,0.5352787173805279
"Psychologist, occupational",entertainment,657.09,43130,42.308648957379056,-82.06491161829365,59570,40.069598,-81.988475,24.323448791785584,22,4,7,0.8873730937485816,1.2559190584013282,73.39712167704121,0,0.952862024307251,1,0.6235857462452834
Barrister's clerk,misc_pos,268.23,85374,33.40276295724447,-113.56182908984188,119941,33.378769,-112.23995,23.961798183302538,22,3,5,0.9449351609185352,1.312545737598952,70.58275576274863,1,0.536685585975647,0,0.5861646041623446
"Horticulturist, commercial",entertainment,347.91,1830,46.03190086703252,-69.41170286513889,60879,42.452186,-71.923878,22.51166267642484,17,4,6,0.9463965592115878,1.4836734314128797,79.66707162281637,1,0.795649528503418,0,0.5310820522506136
Barrister's clerk,kids_pets,429.84,28166,36.81366401826907,-80.89976154252267,8619,35.657697,-80.235771,24.05034478523816,22,1,8,1.042854670864125,1.541808056806395,70.26087633515216,0,0.6079382300376892,1,0.6081485404419604
"Engineer, land",entertainment,21.7,11368,40.58848553619112,-75.53111030141628,109931,41.6183,-73.188932,23.18960886843895,21,3,7,0.7910694548313187,1.5192072365331355,84.31446294720239,1,0.5800938010215759,0,0.7397235913571076
Health and safety adviser,gas_transport,56.6,60517,43.87266738625179,-94.76440148957228,32038,42.567473,-88.063991,21.636818618701035,11,6,4,0.7228281955725071,1.1478749814432208,79.56510177434689,1,0.7623035907745361,0,0.5063314634938361
Historic buildings inspector/conservation officer,kids_pets,4.62,30263,34.05994338159429,-88.25678561984256,84721,33.107436,-84.252531,24.79899670557604,14,6,8,0.8568860555877569,1.8643703255526227,64.14742198260767,1,0.6525448560714722,0,0.522104953806183
"Buyer, industrial",misc_net,3.11,19120,40.324786517103846,-76.48380397733703,1526206,40.74083,-76.035096,18.098272155610594,20,5,5,0.7118843328061331,1.3784213433890078,62.55598693452583,1,0.6002333760261536,0,0.5938318701565828
Forest/woodland manager,shopping_net,275.53,29482,30.03123213607412,-77.88148183053192,1791,33.592855,-79.866936,17.321397424553286,15,5,6,1.2632393591929718,1.9654583522090268,69.10316572115113,0,0.5462827682495117,1,0.7303803928359174
Chief Executive Officer,entertainment,4.13,60619,43.874185184200186,-88.35636592538323,2680484,41.668202,-88.318095,24.396795388109734,19,6,6,0.9327203980256212,1.564351553586783,71.83975044400866,0,0.823377788066864,1,0.6252767601564468
"Engineer, energy",entertainment,44.79,11432,44.14928714805743,-74.12208276116745,224445,40.656758,-73.952258,19.17120134656787,23,6,6,1.179263242498291,1.2342558479339296,71.86845964794243,0,0.7774554491043091,1,0.5050740203313527
Office manager,personal_care,3.18,33774,25.23667843030837,-83.76597067840397,121061,26.896819,-83.334499,25.38292783012281,22,5,8,0.6707626682367474,1.7054522466537578,75.90086309457122,0,0.5674537420272827,1,0.5505113254251911
Volunteer coordinator,personal_care,3.71,32720,29.15408324387131,-80.2824007931595,61526,29.833148,-82.147068,22.11123382352381,22,4,8,1.026475691233352,1.541718005543255,66.95739117220455,1,0.8450287580490112,0,0.6716052324876591
Media buyer,kids_pets,96.09,70458,31.67254382284315,-89.22567951647663,84991,30.321475,-89.600325,20.571396363620806,13,4,8,0.6293645969531338,1.0137136870699424,80.33591240464426,0,0.5545884370803833,1,0.7786118519667934
Brewing technologist,misc_net,290.39,29485,32.26291795779874,-80.17476768869696,111788,32.611484,-80.000291,15.692347160100791,19,4,5,0.7597335450619812,1.13640857151793,67.26700616805044,0,0.7968554496765137,1,0.808532702869737
"Engineer, structural",shopping_pos,284.85,41001,41.14006090294146,-84.22567373944808,16412,39.338511,-85.035255,15.747764711672817,21,6,6,0.778079474365575,1.566469446969509,69.55250274590631,0,0.8757005929946899,1,0.5396397867423753
Geographical information systems officer,shopping_net,2.88,95403,38.93357176200762,-123.09870525742728,209844,38.010682,-122.503727,23.743141186981283,19,3,6,1.0901105938749864,0.9654998176576468,70.36295437807713,0,0.6197128295898438,1,0.5144200532058577
Glass blower/designer,gas_transport,84.6,62702,41.12220154300077,-93.51676897391047,141894,40.554517,-90.358645,22.064324602814075,10,4,4,1.0160146229510802,1.653677679217691,66.14694785871188,0,0.6730908751487732,1,0.6366586211629309
Toxicologist,shopping_net,12.94,97124,49.69910093675906,-121.97894293910258,92886,45.172828,-123.414973,20.232032129395083,23,3,6,1.1507253891995013,1.7783893375592372,60.04906276419587,0,0.9399138689041138,1,0.7898077160515449
Medical sales representative,entertainment,406.09,30096,32.98325268588651,-86.98422326067431,103980,33.351613,-84.425163,19.387388814491644,15,5,7,0.8770579764586477,1.144472699774319,69.7033850900135,0,0.6598148941993713,1,0.5252241275947532
Office manager,health_fitness,3.96,33774,28.96051041228702,-80.71763139524757,121061,28.74688,-82.311044,25.232720853462745,21,5,7,1.0849144932832002,1.0627770004525,77.30525349820957,0,0.5166240930557251,1,0.5829972940905591
Chief Executive Officer,health_fitness,2.94,60619,41.83248188886945,-89.07475879118736,2680484,41.129933,-88.060323,23.963547346152883,15,4,7,1.2153791066393869,1.635451019488912,76.93650913041984,0,0.7231306433677673,1,0.5630135346379245
Health and safety adviser,misc_net,8.18,60517,40.127112059275376,-91.03298116829018,32038,41.987384,-88.485631,21.65164794438316,12,6,5,0.984026958033052,1.7927648449286289,72.23508517030163,1,0.5252007246017456,0,0.5335091316600461
Insurance underwriter,food_dining,2.12,60402,39.34866163507732,-87.58587476508112,63448,40.944031,-87.45911,19.60900846806644,22,6,7,0.8372110507288156,1.777047176461354,61.05634526141149,1,0.5739580988883972,0,0.5720915354253668
"Engineer, energy",kids_pets,6.24,11432,43.26351332047727,-68.96051854942564,224445,41.212518,-73.790968,18.835418720891795,12,6,8,1.1364835918197356,1.4964889535625647,79.96351795253611,1,0.5585604906082153,0,0.5040495369779221
Office manager,kids_pets,37.01,33774,26.74943680407652,-84.05242019285606,121061,28.097721,-82.574819,24.80333929877422,21,4,8,0.5129422643671373,1.4682452333005118,69.19843337154401,0,0.5006572008132935,1,0.7346958702041745
Chief Executive Officer,kids_pets,73.41,60619,41.33140464455936,-86.06083190549805,2680484,41.734213,-88.311325,23.657842076729995,21,6,8,1.159037861888799,1.549617001113635,76.95633598578875,0,0.5428910255432129,1,0.6857291494758705
Office manager,personal_care,163.43,33774,27.85768133605511,-86.04497402612456,121061,27.329947,-81.98522,24.95599124199056,19,5,8,1.2338726028175937,1.58050813836201,69.49661207682476,0,0.7035427689552307,1,0.7189453316957933
Consulting civil engineer,health_fitness,20.16,53094,40.24520037066556,-88.11378432585363,31134,42.388729,-89.447199,24.73931646689296,22,1,7,0.9256722454548136,1.3554219024210017,59.54516443695225,0,0.6384068727493286,1,0.8377927070457806
Chief Executive Officer,shopping_net,20.68,70001,32.37206228032873,-89.16921085075494,137067,29.958373,-90.039732,18.647528951213168,23,0,5,0.8865802143229815,0.7318591881954801,56.65239998468758,0,0.956838309764862,1,0.8066959970183081
Farm manager,health_fitness,484.02,8302,41.48212690034481,-78.67376037661117,46872,38.69484,-74.681043,24.031353098274053,18,4,7,0.545358958512921,1.4292237741643834,70.46163552319676,0,0.6505507230758667,1,0.6231361988340942
Arboriculturist,home,291.66,21117,37.237811984180816,-73.24128515417816,53778,38.680115,-76.12279,22.956540319062647,14,6,7,1.0210469037243086,1.9678786990036825,70.54469492000905,0,0.670669436454773,1,0.5641831175875487
Publishing rights manager,misc_net,23.29,75028,34.8926299130411,-97.66732573529396,64771,32.827137,-96.962192,19.216271934529523,16,4,5,1.2481203103082554,0.9090679365292236,76.30405201730653,1,0.5734450221061707,0,0.7765708448537476
"Engineer, energy",home,8.1,11432,42.45145692908411,-74.76037780607832,224445,39.795912,-73.363604,19.11169665937204,13,3,8,0.9024825353218556,1.648610693257273,70.16422954099954,1,0.5145507454872131,0,0.5473166868433202
Volunteer coordinator,shopping_net,284.49,15211,41.98537167922333,-77.02461549173269,687276,40.178436,-79.85203,15.606762059241158,21,4,6,1.0401859960140103,1.3392389276376304,68.33270275064045,0,0.9113962054252625,1,0.5841601995265677
Network engineer,shopping_pos,22.22,2124,42.17574742126945,-70.89037802556003,386505,41.849969,-71.192861,23.874371582787603,22,2,4,1.2403657617202075,0.6228891841688402,52.38006772164088,0,0.7337729930877686,1,0.665251196290795
"Scientist, forensic",shopping_pos,673.89,49348,43.07719460024059,-86.3918720559787,12153,43.091596,-86.29518,23.61157494038367,14,6,6,1.35650459880291,1.1701930853152371,80.34855893247006,1,0.8727386593818665,0,0.5128386622026784
"Engineer, energy",personal_care,2.9,11432,42.04767003849575,-72.24428710687359,224445,40.807081,-73.708564,18.25503434666896,20,4,8,1.0621120592548257,1.3831110272417495,79.56504991569516,1,0.6168160438537598,0,0.6346423728634775
Health and safety adviser,personal_care,11.52,60517,44.985719019103584,-89.68402473894602,32038,41.949647,-87.292492,21.49847644089875,22,5,8,1.2086540843050155,1.285610273534054,83.85728974178399,1,0.5393268465995789,0,0.7764855417346178
"Engineer, communications",travel,602.35,29715,34.97606708996197,-81.66274129056558,67600,34.93969,-80.168332,23.945234877115364,22,2,8,0.9705883679119636,1.7627070277391126,74.08351594739507,1,0.6507586240768433,0,0.6857149036996465
Lobbyist,travel,96.63,77388,25.29176259031908,-95.037048229476,316665,29.064986,-95.720678,22.882056061420545,23,2,8,1.0602820557428725,1.3487306987362335,74.72427954768602,0,0.560951292514801,1,0.5091845269920503
Historic buildings inspector/conservation officer,shopping_net,1.06,30263,33.35320457167967,-81.4912055341525,84721,33.850142,-84.607325,23.649508149359008,17,4,6,1.085588431956124,1.4034476687532678,60.80159737575376,1,0.6191410422325134,0,0.5201163900560779
Chief Technology Officer,kids_pets,391.65,92509,33.30194887230969,-118.56269453381736,419138,34.392877,-118.229136,20.85053025182981,14,6,8,1.1707797031631766,1.595197144348201,71.7093557979559,0,0.9754698872566224,1,0.6270228264553224
Office manager,misc_pos,69.13,33774,29.56395294314009,-83.10684935124385,121061,27.156472,-82.87814,24.79394724915747,19,4,5,1.2429323588107182,1.4979019626376286,77.25797973029651,0,0.5861328840255737,1,0.7067733026736794
Geophysicist/field seismologist,home,289.42,5753,46.00184168900233,-71.62845186297618,10491,43.571706,-73.637519,23.06549690132036,15,3,8,0.8967918280219115,1.6250051704140749,72.15923811520103,0,0.8730431795120239,1,0.582647001595176
Immunologist,health_fitness,8.39,91331,31.24088803494659,-117.04361534802852,103689,33.596577,-117.755393,22.446663746216828,14,4,7,1.1648097282885403,1.492090813137771,67.59147086331281,1,0.7656921744346619,0,0.5412919308582045
Health and safety adviser,shopping_pos,38.93,60517,44.54040265502408,-85.70278680019625,32038,42.374668,-87.283713,21.920092490521068,13,6,6,0.943237683955325,1.3801184787700853,69.76600629187215,1,0.6423364281654358,0,0.5716808931948191
Counsellor,shopping_pos,13.54,18034,37.69646735820366,-73.71729402159423,8256,41.41419,-75.32494,20.050940327432617,22,4,6,1.1059879295024655,1.5493121815243995,58.12831505679688,0,0.9857132434844972,1,0.6972848522960516
Theatre director,shopping_pos,6.68,60641,44.128091401786776,-88.65745423961799,2680484,41.491435,-87.784965,19.92173043996461,14,4,6,0.93271405198089,1.6607411480197225,57.66191742254056,0,0.7649683952331543,1,0.506014308044549
Glass blower/designer,misc_net,8.58,62702,38.85093179959991,-91.95972313334494,141894,39.856919,-89.16839,22.207337245234665,12,1,5,0.7702606539701632,1.247592051554251,81.28666662435609,0,0.7379473447799683,1,0.5187174784074217
Public relations officer,gas_transport,70.71,2478,41.99247842340435,-70.49606341401966,24664,41.51346,-70.486553,24.173655419647407,9,6,4,0.8887312912586833,1.6016724704264855,71.24627883419843,0,0.903988003730774,1,0.5556762211594475
Further education lecturer,gas_transport,8.5,6277,39.85200613824409,-70.8368879120314,4140,41.54952,-71.433705,21.6082276586234,0,0,8,0.883625066250801,0.5016470905256898,60.130434828562265,1,0.688046395778656,0,0.7103604758980382
Television/film/video producer,misc_pos,317.67,1516,42.53290559706195,-74.17125445625047,8500,42.336729,-72.442236,19.87145152189568,13,5,5,1.3737600213162753,1.433488659717641,69.27041369407299,0,0.5909633040428162,1,0.638549553636355
Furniture conservator/restorer,entertainment,544.71,1720,37.64546933331729,-67.51211795249905,21361,41.75792,-70.8233,25.11273528653188,14,6,7,1.091535093568993,1.3640754778195732,82.0531473425957,0,0.5792298316955566,1,0.5874182396113646
"Conservation officer, historic buildings",misc_pos,438.71,33027,26.950544065740075,-79.56877792359174,420284,25.563002,-80.0578,17.718575680750135,19,5,5,0.9941813759151048,1.420046123308152,70.79444469750676,0,0.8252787590026855,1,0.5164181943504166
IT trainer,kids_pets,36.77,78681,34.29203170980914,-99.89612107328848,103538,31.19281,-98.058581,20.284511663373458,19,3,8,0.8285653448060989,1.3740950977902953,73.75755776444265,1,0.5605369806289673,0,0.6462545158552018
Theatre director,shopping_pos,271.6,63123,40.66802860267179,-89.25976199451952,927396,38.704416,-90.444081,20.705787987900987,21,5,6,1.106974456284485,1.501730711574526,69.14202007106232,0,0.676891028881073,1,0.6941671379239249
Publishing rights manager,travel,9.31,75028,27.14008440347336,-97.44508831083746,64771,34.035894,-96.860843,19.647450529074263,20,2,8,0.8937317310515193,1.2356253657788512,77.76866855394327,0,0.5093052387237549,1,0.6762470921672522
"Engineer, energy",health_fitness,16.63,11432,37.790447970777926,-74.35857906344468,224445,41.573431,-73.854966,18.68385850426336,12,2,7,0.6424723265766554,1.4454266219645149,74.18385515298883,1,0.5380351543426514,0,0.5490360283117842
Office manager,gas_transport,62.41,33774,29.220623995357016,-85.1472030230774,121061,26.942388,-82.604203,25.561662220320688,6,5,4,1.005289268140004,1.2068503366058176,67.97567040491201,0,0.6456695795059204,1,0.8488431065778161
General practice doctor,home,1.77,6424,44.37310508939317,-73.92099478378115,12808,40.860535,-71.775655,23.969148018028125,13,5,7,0.8301195788624922,1.3630861244142531,75.81085227373505,1,0.6135714650154114,0,0.5122853454532204
Interior and spatial designer,kids_pets,9.23,30281,32.69750261028254,-84.96853214549007,66140,33.661809,-83.772033,24.18084980249793,18,3,8,0.9190131856375,1.6284601068156233,62.20903342735184,0,0.6775975823402405,1,0.7932502400315562
"Engineer, energy",shopping_net,1.81,11432,41.39536276996823,-74.51387457061928,224445,40.076005,-72.80911,18.246859566939484,20,6,6,0.7602178423669891,1.4764392648449405,68.44553930123693,1,0.7202785611152649,0,0.5231625422828131
"Engineer, energy",grocery_net,61.29,11432,40.67274717253596,-74.56140207946181,224445,41.325261,-74.028889,19.0163571532822,6,4,4,0.8561157609809001,1.380183338292207,79.0812828527999,0,0.536710262298584,1,0.5204513268977027
"Engineer, land",misc_net,9.22,11368,37.38906135338557,-76.23732357067836,109931,41.460919,-73.039706,23.52418732727497,17,6,5,0.8715041263239227,1.2885471208875434,83.71672043475102,1,0.703839123249054,0,0.6373220110581446
Financial planner,misc_net,89.24,48307,45.45669698451081,-81.4005635248298,97195,43.647155,-84.029506,21.26856771105006,19,0,5,0.999909048786989,1.502385371716937,76.08376032355598,0,0.671308696269989,1,0.6708982851262837
"Engineer, energy",shopping_net,1.13,11432,38.18657074044469,-72.74376777824612,224445,40.740045,-72.972035,19.88097173880611,13,5,6,1.1642029181056044,1.3303044428041992,76.27901454938292,0,0.5214802622795105,1,0.7144965948703798
"Investment banker, corporate",gas_transport,8.51,89138,37.90219082428642,-114.9365767036712,1417793,36.887388,-114.64151,20.09298343627015,5,6,6,1.026732781139271,0.735848034313753,61.49712884516662,1,0.5414361357688904,0,0.5254896895225778
Transport planner,grocery_pos,7.13,29566,31.68132184459693,-80.88744991361936,15179,32.886891,-79.467913,24.28791783036353,3,1,4,0.9867238190186416,0.7305622453301363,63.29217377625475,0,0.6593097448348999,1,0.6205376700973854
Intelligence analyst,kids_pets,240.35,90745,34.73665167452589,-113.48596915086124,83241,33.311142,-117.731401,21.958946392479632,12,5,8,0.7866201798861931,1.4018338499234115,74.56487976781004,0,0.5274556875228882,1,0.5240969804052027
Artist,grocery_pos,297.6,29835,34.925922379578225,-86.33442389859397,7810,34.241841,-81.703271,16.66751343438556,19,5,5,0.3955743806692298,1.6643492300411769,69.43074349802788,0,0.6626244783401489,1,0.6636081075102575
"Investment banker, corporate",shopping_pos,514.53,48307,39.90322899230369,-87.64948889969301,97195,43.243381,-82.933816,22.775278352818347,18,6,6,1.1429204597146585,1.1830970040340436,77.78684350237391,0,0.5348473191261292,1,0.5746764712904044
"Engineer, land",gas_transport,47.53,11368,42.35477982522933,-74.94148787574643,109931,40.080027,-73.263117,21.90703557437448,6,5,4,1.0902873893132707,1.2010477246809634,66.62981776372101,1,0.5393305420875549,0,0.5865577314118895
Health and safety adviser,entertainment,9.87,60517,39.8655080026542,-86.7717978714344,32038,42.411843,-88.377684,22.27926373903878,22,4,7,0.983823687312264,1.285025031014432,72.99762734488908,1,0.5108635425567627,0,0.8190758750776114
Diagnostic radiographer,health_fitness,275.91,26330,39.739473138998434,-80.48455264820441,14377,38.77595,-80.187312,19.97479099962755,23,6,7,1.1379252689952617,1.5901727057676331,72.2393893204752,0,0.7689086198806763,1,0.5446744532583445
Artist,misc_pos,287.01,29835,33.75116359732269,-85.96333719061082,7810,34.00207,-81.949605,17.370968507097174,23,5,5,0.7226297822892349,1.7723455750380015,70.86373544617413,0,0.8690471053123474,1,0.5180418217726769
Health and safety adviser,misc_pos,41.82,60517,43.24759658504076,-87.5793387079323,32038,42.049377,-88.03454,21.59441895219595,23,3,5,0.697149552963235,1.2672079595747414,69.99269704244617,1,0.5707979202270508,0,0.607233800522127
Farm manager,food_dining,546.85,8302,38.71936984238362,-72.5296779729295,46872,40.207607,-74.47616,23.2540635928116,12,0,7,1.2171521028555934,1.691179846885707,69.85538479816526,0,0.7777823805809021,1,0.7201789299235679
"Editor, film/video",shopping_net,250.43,80521,42.47004742643403,-109.40337207399608,175625,39.895883,-105.852912,24.676155232934,22,2,6,0.7915565059203064,1.4264181290691982,69.74471321377476,1,0.6481064558029175,0,0.5927666463432835
Cartographer,travel,103.44,99701,68.10237119127889,-149.57810231334054,63999,64.373397,-147.367666,21.745565868719176,16,6,8,0.9152747356576404,0.8908450930402401,69.38946518513237,1,0.8557285666465759,0,0.8800079112748048
Educational psychologist,misc_pos,594.97,27607,35.884939186838885,-75.70211456901598,489514,35.446828,-79.268818,25.15696500387064,20,5,5,0.8477055482720964,1.134269312311631,72.22775017224107,0,0.9523882269859314,1,0.5950868639161033
Comptroller,personal_care,2.85,60625,42.20595826623294,-88.80973868351312,2680484,41.959403,-87.046873,24.67285644376804,22,0,8,0.973787355232579,1.3954387160554702,72.80986010008633,0,0.7930476665496826,1,0.5262901248302138
Furniture conservator/restorer,gas_transport,54.4,49071,40.952861154487465,-87.87631966560572,9174,41.941611,-86.536293,19.487735080399016,0,5,4,0.7377988519628624,1.4680661368684538,59.78570374443768,1,0.8648433089256287,0,0.5388675062503081
Printmaker,personal_care,7.75,21075,36.20073529463544,-77.11607942511557,26344,39.938042,-77.607705,23.29211397120415,22,2,6,0.9997985767910116,0.7171552422167168,57.79042146680148,0,0.8632146120071411,1,0.724702007011732
Health and safety adviser,entertainment,38.57,60517,41.84515957016925,-90.8574620963,32038,41.846157,-88.122454,21.38429371580798,13,5,7,0.7460369579467787,1.4659299552887646,79.2031582561016,1,0.5252150893211365,0,0.5630013325310257
Office manager,grocery_net,46.59,33774,28.478350880511485,-84.84985468608129,121061,27.77809,-83.156427,25.412765841637995,4,1,4,0.7461154915458172,1.2068964810356262,67.45410662151244,0,0.5425155162811279,1,0.6569306606851825
Immunologist,food_dining,481.74,91331,34.482061060598646,-117.94696094198936,103689,34.976622,-118.622616,21.465296828543643,14,6,7,0.630195682412344,1.4206378757548,75.60369912243947,0,0.6049884557723999,1,0.6176035220046145
Health and safety adviser,misc_pos,23.94,60517,38.03385269181738,-88.8717246184799,32038,41.829142,-88.343533,21.75613340578776,20,4,5,1.1049736505724523,1.4550027838351027,75.93002934746686,0,0.5701621770858765,1,0.5121531817741986
General practice doctor,misc_net,32.65,6424,42.95708943331254,-71.43018437827436,12808,41.058232,-71.59512,23.80583723262324,20,4,5,0.9159747922144148,1.0131559791787743,78.97470525316238,0,0.7736121416091919,1,0.5115741868236416
Chief Executive Officer,misc_pos,3.57,60619,42.67090511105318,-87.6778804448612,2680484,42.732279,-88.111636,24.618021595695392,21,6,5,1.1020848948714892,1.5422822658384137,77.47827171495815,0,0.5189456939697266,1,0.6436988413998889
Immunologist,kids_pets,5.07,91331,35.02924165953386,-119.0141029290074,103689,33.812085,-118.932238,21.620951990803768,23,6,8,0.9954650087057376,1.0315699765839,71.8240367896038,1,0.5940710306167603,0,0.5068456784113031
Chief Executive Officer,kids_pets,18.67,70001,28.852321018400897,-93.44549068490151,137067,29.122011,-90.567269,19.149471751321656,13,5,8,0.7810259426630033,1.7757584776073498,59.74687881642473,0,0.9164113402366638,1,0.5201937802496315
Geoscientist,misc_net,493.67,78664,28.42208314513823,-97.56234341828667,103538,30.287174,-97.810833,18.42427092922853,19,6,5,0.7850363049879866,0.6470946829883406,60.68945840058012,1,0.6941186189651489,0,0.6009020057694807
Glass blower/designer,grocery_net,74.69,62702,39.33407604289469,-84.00168768544049,141894,40.538298,-90.093487,22.239576752771463,3,5,4,0.8394191324465192,1.373237914521724,74.00168875856309,0,0.7035173177719116,1,0.5148408193148944
Health and safety adviser,health_fitness,48.7,60517,41.15797924626913,-88.53977187968246,32038,41.706109,-88.607433,21.99086798816533,15,5,7,1.1880720221456489,1.5186085518798544,64.59886097710451,0,0.6512284874916077,1,0.5769641283045427
Health and safety inspector,food_dining,284.93,61071,42.38140424184977,-90.42205951948756,14381,42.279587,-89.263163,23.439671438422035,17,0,7,1.0691898765774503,1.3043956089227564,71.38974337545292,0,0.7417998313903809,1,0.5655770600795084
"Producer, television/film/video",gas_transport,67.0,90732,34.643656044118174,-119.91904010240214,80777,33.147049,-117.71558,23.50109864412267,7,6,4,0.9537048535592936,1.5407236590995972,57.62824134732291,1,0.7202368974685669,0,0.5784960421488534
Chief Executive Officer,kids_pets,11.46,60619,42.21930917442953,-86.18464216706862,2680484,40.781365,-87.984772,24.024746727405883,20,5,8,0.9788502204198865,1.1896240888862173,73.21414418623951,0,0.7349231243133545,1,0.5761753361024596
"Teacher, adult education",gas_transport,61.49,8205,41.50636772817285,-75.99624743668848,38633,39.134951,-75.189254,21.72675637303197,1,3,4,1.1590001767400897,1.306845806732095,59.7184146747961,1,0.589482843875885,0,0.5141972576769476
Comptroller,food_dining,1.27,60625,42.11001803059784,-86.54084530164432,2680484,41.651266,-87.220272,24.989772508429144,14,5,7,0.9494199128963005,1.6610943709573032,64.79999577003207,1,0.6252762675285339,0,0.5282647437001623
Health and safety adviser,travel,124.29,60517,43.09816394754604,-86.84913157679827,32038,41.709848,-88.338344,21.79525593130992,22,3,8,0.7806720657893074,1.3615032434010053,81.55449498281038,1,0.7807197570800781,0,0.8020934746247452
Office manager,health_fitness,36.75,33774,25.85231983460428,-86.43663521055608,121061,27.10047,-83.265399,24.706680594313863,13,3,7,1.040884281419213,1.6766668137871945,69.38477647688254,0,0.5495996475219727,1,0.7630404719246812
"Engineer, energy",shopping_pos,8.87,11432,41.819812879374126,-74.74460009889233,224445,41.681601,-72.845249,19.15548505530476,19,6,6,0.8772582792208569,1.1899801460867696,78.97499748004014,0,0.5298874378204346,1,0.5515230831562451
Mental health nurse,misc_net,4.03,93292,35.731697101609896,-119.60033852028738,142488,35.48415,-119.740897,22.49450364048649,15,5,5,0.7953204570206969,1.566358367857994,79.05160864224749,0,0.7757911682128906,1,0.5468203639514205
"Engineer, energy",entertainment,3.35,11432,42.00576104489879,-72.06472515159719,224445,40.695962,-73.710835,18.44102084094456,17,2,6,0.8850339626254032,1.4500071387441689,68.59578829009183,1,0.78303062915802,0,0.5318231456466805
Furniture conservator/restorer,grocery_net,312.57,1720,46.44069613720537,-70.5253659355587,21361,43.467661,-71.524933,25.02312608731121,10,3,5,1.1964495727814672,0.5826988440876036,71.95358582838551,1,0.9461013674736024,0,0.5468517780076647
Mental health nurse,grocery_pos,58.14,93292,37.94830942066618,-119.40025055852315,142488,36.108598,-118.851068,22.264256069901908,14,5,5,1.565038714793183,1.2024932990354151,72.9432908607898,0,0.7227944135665894,1,0.5630567748586416
Television camera operator,misc_net,530.25,90011,35.07491177547211,-118.72213042641786,2383912,33.828492,-119.047859,20.410083364729,23,5,5,0.7815029015230075,1.4940326967770503,71.43631562841574,0,0.5144277215003967,1,0.673145090046309
Dealer,shopping_pos,289.05,81005,32.61462236229333,-105.48873115249,151815,37.520309,-104.153529,20.915078477911106,13,3,6,0.9570396772535475,1.3516023626343547,72.1841708567883,0,0.8631294965744019,1,0.5475556941370293
Chief Executive Officer,entertainment,36.39,60619,42.21978636090939,-86.54793191735403,2680484,40.832167,-86.747254,23.04516654942732,17,4,6,1.231967429703008,1.6354500217141592,78.86147200324463,0,0.7125265598297119,1,0.592776100496899
Customer service manager,shopping_net,8.14,30076,37.46504215538808,-85.04146276845901,95251,33.496736,-85.097768,20.1958887154658,15,6,5,1.0791999000679346,0.8198066468488989,55.58702972021043,0,0.8981916904449463,1,0.630942320091096
"Accountant, chartered public finance",misc_net,515.92,14424,43.61389234339888,-79.31225681708429,27007,42.036013,-76.961496,20.48180691889545,16,6,5,1.1343966698099786,1.2646831426190914,70.424349770789,0,0.7915662527084351,1,0.5303629846184557
Health and safety adviser,health_fitness,21.98,60517,45.23109620913181,-85.8692505924879,32038,41.584522,-87.247327,22.00180807220105,23,2,7,0.9231556958842198,1.3941006494120454,76.60049409415004,1,0.506253719329834,0,0.7543223320813108
Public relations officer,misc_net,9.13,2478,41.722826276491375,-71.6179359105697,24664,42.554799,-70.687019,22.46948890558852,1,1,4,0.9138179583813508,0.5290547434786158,59.85833223629884,1,0.5239707827568054,0,0.7837566367006905
"Engineer, land",gas_transport,104.61,11368,41.3499059181263,-75.41393623948534,109931,39.963025,-72.988355,22.4661607447314,11,5,4,1.0640355302938618,1.7279665012459904,61.550380747349486,1,0.7978581786155701,0,0.5104796189387377
Product/process development scientist,health_fitness,696.29,46614,40.39605947116658,-87.12588217416318,145459,42.366981,-86.654737,15.85303746135987,20,5,7,0.650051944387914,1.644940693967722,74.99479911976026,0,0.5919129848480225,1,0.8458709071051531
Health and safety adviser,shopping_pos,105.73,60517,40.21914818942973,-87.7270414169008,32038,41.819268,-87.938302,22.02615232359761,16,5,6,1.1288022154849604,1.6807413015671442,71.24006445122049,1,0.6585496068000793,0,0.6016889003606609
Office manager,travel,4.28,33774,25.21467276417807,-83.37537861566892,121061,28.668347,-82.266949,25.23952347849125,14,0,8,0.9403700171025748,1.359749412744491,77.4158867069937,0,0.5260022878646851,1,0.6821524979826811
Chief Executive Officer,home,3.67,60619,42.325145063336606,-89.94951678357705,2680484,41.990801,-86.79437,24.272079615276898,22,5,7,0.923373101578949,1.3659660083154914,77.04233831306986,0,0.6539831757545471,1,0.6671991708225575
Health and safety adviser,food_dining,177.14,60517,44.70037717460376,-90.60503322050006,32038,42.567141,-87.26821,22.05642039630829,15,5,7,0.906359696963478,1.2797647344325356,68.31726950044538,1,0.6538257598876953,0,0.5239143009530001
Chief Executive Officer,shopping_net,262.93,70001,28.76631046954875,-90.29345603827176,137067,30.654726,-89.171529,17.851584979362578,21,4,6,1.2908685461244196,1.565815847870814,68.23715865802149,1,0.8330925703048706,0,0.5022383729197972
Sports coach,grocery_pos,13.69,92663,32.311414068893,-117.45945833192162,62946,33.343205,-118.877245,19.77220102320309,8,1,7,0.9746280224473698,0.6187773053827529,58.278136416284745,0,0.6687690615653992,1,0.565612378343954
Phytotherapist,entertainment,681.14,76118,34.32568703654088,-96.33412144339364,813980,33.393666,-97.073993,20.303521705938945,12,1,7,1.2324787042588232,1.470513433843852,73.29953011847644,0,0.5752139091491699,1,0.5447501371443185
Herpetologist,grocery_pos,66.57,89103,35.85909849006696,-117.07780099796943,1417793,37.001623,-114.987625,20.40859930102857,7,3,5,1.0706584425043677,0.9573645752344764,81.25358873567443,0,0.63776695728302,1,0.7323229941179475
Brewing technologist,health_fitness,283.97,29485,32.33476658838064,-78.00398428925601,111788,32.091206,-80.183971,15.098367917447472,14,6,7,1.1231174271407716,1.446328052505283,70.24928260088305,0,0.8859084248542786,1,0.6780410633599971
Lexicographer,entertainment,679.06,54724,44.45817508437511,-93.45388016297616,7174,44.843925,-90.662677,20.033532214963174,15,6,6,0.9827819469955212,1.2919744711367156,72.35539158007809,0,0.7547874450683594,1,0.6911087496276258
"Engineer, land",shopping_pos,9.37,11368,38.39142174839734,-70.37874232768264,109931,41.656925,-73.221754,22.70374676363791,13,1,6,1.036345081319629,1.5425946905776549,72.3679697335771,1,0.5841144919395447,0,0.6717116605623287
Television camera operator,personal_care,245.1,90011,32.57002350840268,-119.71562473463771,2383912,33.063603,-119.198202,20.58519305018497,13,3,8,0.7168706586124516,1.3303817407088063,62.71209173517803,1,0.639188826084137,0,0.5208774306896435
Child psychotherapist,shopping_net,19.3,1038,45.10294388757053,-71.57596094718551,2545,42.640476,-72.511528,22.32751438295337,23,3,6,0.8186587281204037,0.5986186306595108,56.19519173953556,0,0.7781281471252441,1,0.5078722852452019
Media buyer,gas_transport,10.04,70458,30.52163368006762,-91.3783445285467,84991,30.038557,-90.595423,20.084725008008995,0,5,6,1.0103936837784473,0.527940769873946,58.36815344167613,1,0.9915419816970824,0,0.5783705007159325
"Engineer, energy",shopping_net,6.15,11432,42.702231133919184,-71.24707998900371,224445,41.292583,-73.91946,18.78077202872008,13,4,6,1.1759860355462226,1.5491021518125736,67.48750604604251,1,0.6365124583244324,0,0.5012337284008963
"Research officer, trade union",entertainment,503.04,1151,41.78283069919279,-72.24144580249786,8698,42.695466,-73.409899,23.84455426236365,15,5,7,0.9453656319517484,1.406905806660541,68.8034754619503,0,0.5610440969467163,1,0.6532362332114092
"Engineer, energy",shopping_pos,54.64,11432,39.705821697819225,-70.30659750814678,224445,41.664335,-73.157162,19.079231086879656,22,5,6,1.09426340145667,1.0417341441665613,71.41009278126394,0,0.5486252307891846,1,0.744524037770543
"Investment banker, corporate",travel,431.78,48307,39.95104128624761,-82.08958073166129,97195,42.078616,-83.558703,22.69203836885754,20,6,8,0.8520873962442208,1.335876471834142,77.2208788457171,0,0.5551750659942627,1,0.6207872108381043
Immunologist,gas_transport,45.51,91331,33.8475154941277,-121.1931770997572,103689,33.618872,-118.199852,20.64142221351042,3,0,4,0.9620229496645868,0.922782374053566,79.98087923763939,1,0.7698078155517578,0,0.6426695267908307
Cartographer,entertainment,395.31,99701,64.0100813833238,-147.8281113136549,63999,63.987897,-146.752084,21.85646230425487,13,6,7,1.4525839104632567,1.5373421175141957,78.47826875440288,1,0.8755032420158386,0,0.5633702972918707
"Engineer, energy",misc_pos,61.82,11432,37.60122907362303,-74.32115725107242,224445,40.856508,-73.888629,18.20138074495681,18,4,5,1.3073138551107997,1.305714726819568,72.94286926658278,1,0.5548783540725708,0,0.5158543059336473
Health and safety adviser,kids_pets,26.34,60517,41.07567451567864,-87.66889906919104,32038,42.541162,-88.483209,21.420932734968417,15,3,8,1.011816949733069,1.5028685937994215,77.94258327755357,1,0.5408185124397278,0,0.5283087245004398
Health and safety adviser,grocery_net,63.72,60517,38.62996912272872,-87.74529443186229,32038,42.5978,-88.615117,21.7846225035291,6,3,4,0.982919960642588,1.4918398231633958,78.45986345604672,1,0.5067106485366821,0,0.6036587380122012
Geophysicist/field seismologist,home,266.02,5753,46.15348734954098,-69.45735927972396,10491,44.957275,-72.644154,22.9208540177452,18,6,7,1.2507113129262972,1.4108324607850633,70.26693230900698,0,0.5459499359130859,1,0.5029155083139544
Occupational psychologist,food_dining,288.41,41632,38.697312126603485,-83.58999612338044,614,38.161323,-82.347595,22.64708303053177,22,5,7,1.0241162359017368,1.3784110747361775,70.00669198179763,0,0.6593645215034485,1,0.6368663918599983
